--
-- PostgreSQL database dump
--

\restrict 5W5KI0JK8m2hWfcCTMZX0FZbolm3cSQYv1G4CfWxLigCQZ0X8r4NN5pke2AZIIk

-- Dumped from database version 17.6
-- Dumped by pg_dump version 17.6

SET statement_timeout = 0;
SET lock_timeout = 0;
SET idle_in_transaction_session_timeout = 0;
SET transaction_timeout = 0;
SET client_encoding = 'UTF8';
SET standard_conforming_strings = on;
SELECT pg_catalog.set_config('search_path', '', false);
SET check_function_bodies = false;
SET xmloption = content;
SET client_min_messages = warning;
SET row_security = off;

SET default_tablespace = '';

SET default_table_access_method = heap;

--
-- Name: app_user; Type: TABLE; Schema: public; Owner: postgres
--

CREATE TABLE public.app_user (
    id bigint NOT NULL,
    email character varying(255),
    password_hash character varying(255),
    role character varying(255),
    session_token character varying(255),
    CONSTRAINT app_user_role_check CHECK (((role)::text = ANY ((ARRAY['CUSTOMER'::character varying, 'PARTNER'::character varying])::text[])))
);


ALTER TABLE public.app_user OWNER TO postgres;

--
-- Name: app_user_id_seq; Type: SEQUENCE; Schema: public; Owner: postgres
--

ALTER TABLE public.app_user ALTER COLUMN id ADD GENERATED BY DEFAULT AS IDENTITY (
    SEQUENCE NAME public.app_user_id_seq
    START WITH 1
    INCREMENT BY 1
    NO MINVALUE
    NO MAXVALUE
    CACHE 1
);


--
-- Name: booking; Type: TABLE; Schema: public; Owner: postgres
--

CREATE TABLE public.booking (
    id bigint NOT NULL,
    duration integer,
    establishment_id character varying(255),
    partner_id character varying(255),
    start_date date,
    status character varying(255),
    total_price_vnd bigint,
    user_id bigint,
    booked_floor_area character varying(255),
    booked_item_type character varying(255),
    CONSTRAINT booking_status_check CHECK (((status)::text = ANY ((ARRAY['PENDING_PAYMENT'::character varying, 'CONFIRMED'::character varying, 'CANCELLED'::character varying])::text[])))
);


ALTER TABLE public.booking OWNER TO postgres;

--
-- Name: booking_id_seq; Type: SEQUENCE; Schema: public; Owner: postgres
--

ALTER TABLE public.booking ALTER COLUMN id ADD GENERATED BY DEFAULT AS IDENTITY (
    SEQUENCE NAME public.booking_id_seq
    START WITH 1
    INCREMENT BY 1
    NO MINVALUE
    NO MAXVALUE
    CACHE 1
);


--
-- Name: establishment; Type: TABLE; Schema: public; Owner: postgres
--

CREATE TABLE public.establishment (
    id character varying(255) NOT NULL,
    city character varying(255),
    description_long text,
    image_url_main character varying(255),
    is_available boolean NOT NULL,
    name character varying(255),
    owner_id character varying(255),
    price_range_vnd bigint,
    star_rating integer NOT NULL,
    type character varying(255),
    has_inventory boolean,
    address character varying(255),
    CONSTRAINT establishment_type_check CHECK (((type)::text = ANY ((ARRAY['HOTEL'::character varying, 'RESTAURANT'::character varying])::text[])))
);


ALTER TABLE public.establishment OWNER TO postgres;

--
-- Name: establishment_amenities_list; Type: TABLE; Schema: public; Owner: postgres
--

CREATE TABLE public.establishment_amenities_list (
    establishment_id character varying(255) NOT NULL,
    amenities_list character varying(255),
    amenity character varying(255)
);


ALTER TABLE public.establishment_amenities_list OWNER TO postgres;

--
-- Name: establishment_gallery; Type: TABLE; Schema: public; Owner: postgres
--

CREATE TABLE public.establishment_gallery (
    establishment_id character varying(255) NOT NULL,
    image_url character varying(255)
);


ALTER TABLE public.establishment_gallery OWNER TO postgres;

--
-- Name: inventory; Type: TABLE; Schema: public; Owner: postgres
--

CREATE TABLE public.inventory (
    id bigint NOT NULL,
    date date,
    establishment_id character varying(255),
    floor_area character varying(255),
    item_type character varying(255),
    price bigint,
    total_units integer NOT NULL,
    units_booked integer NOT NULL,
    item_image_url character varying(255),
    has_balcony boolean
);


ALTER TABLE public.inventory OWNER TO postgres;

--
-- Name: inventory_id_seq; Type: SEQUENCE; Schema: public; Owner: postgres
--

ALTER TABLE public.inventory ALTER COLUMN id ADD GENERATED BY DEFAULT AS IDENTITY (
    SEQUENCE NAME public.inventory_id_seq
    START WITH 1
    INCREMENT BY 1
    NO MINVALUE
    NO MAXVALUE
    CACHE 1
);


--
-- Name: unit_availability; Type: TABLE; Schema: public; Owner: postgres
--

CREATE TABLE public.unit_availability (
    id bigint NOT NULL,
    date date,
    override_price bigint,
    total_units integer,
    type_id bigint,
    units_booked integer,
    version bigint,
    variant_id bigint
);


ALTER TABLE public.unit_availability OWNER TO postgres;

--
-- Name: unit_availability_id_seq; Type: SEQUENCE; Schema: public; Owner: postgres
--

ALTER TABLE public.unit_availability ALTER COLUMN id ADD GENERATED BY DEFAULT AS IDENTITY (
    SEQUENCE NAME public.unit_availability_id_seq
    START WITH 1
    INCREMENT BY 1
    NO MINVALUE
    NO MAXVALUE
    CACHE 1
);


--
-- Name: unit_type; Type: TABLE; Schema: public; Owner: postgres
--

CREATE TABLE public.unit_type (
    id bigint NOT NULL,
    active boolean,
    base_price bigint,
    capacity integer,
    category character varying(255),
    code character varying(255),
    establishment_id character varying(255),
    has_balcony boolean,
    name character varying(255),
    deposit_amount bigint,
    total_units integer,
    CONSTRAINT unit_type_category_check CHECK (((category)::text = ANY ((ARRAY['ROOM'::character varying, 'TABLE'::character varying])::text[])))
);


ALTER TABLE public.unit_type OWNER TO postgres;

--
-- Name: unit_type_id_seq; Type: SEQUENCE; Schema: public; Owner: postgres
--

ALTER TABLE public.unit_type ALTER COLUMN id ADD GENERATED BY DEFAULT AS IDENTITY (
    SEQUENCE NAME public.unit_type_id_seq
    START WITH 1
    INCREMENT BY 1
    NO MINVALUE
    NO MAXVALUE
    CACHE 1
);


--
-- Name: unit_type_image_urls; Type: TABLE; Schema: public; Owner: postgres
--

CREATE TABLE public.unit_type_image_urls (
    unit_type_id bigint NOT NULL,
    image_urls character varying(255)
);


ALTER TABLE public.unit_type_image_urls OWNER TO postgres;

--
-- Name: unit_variant; Type: TABLE; Schema: public; Owner: postgres
--

CREATE TABLE public.unit_variant (
    id bigint NOT NULL,
    bed_count integer,
    bed_type character varying(255),
    extra_price_delta bigint,
    has_window boolean,
    type_id bigint,
    view character varying(255)
);


ALTER TABLE public.unit_variant OWNER TO postgres;

--
-- Name: unit_variant_id_seq; Type: SEQUENCE; Schema: public; Owner: postgres
--

ALTER TABLE public.unit_variant ALTER COLUMN id ADD GENERATED BY DEFAULT AS IDENTITY (
    SEQUENCE NAME public.unit_variant_id_seq
    START WITH 1
    INCREMENT BY 1
    NO MINVALUE
    NO MAXVALUE
    CACHE 1
);


--
-- Data for Name: app_user; Type: TABLE DATA; Schema: public; Owner: postgres
--

COPY public.app_user (id, email, password_hash, role, session_token) FROM stdin;
1	test@partner.com	123456	PARTNER	\N
2	phamlequoctan@gmail.com	123456	CUSTOMER	\N
\.


--
-- Data for Name: booking; Type: TABLE DATA; Schema: public; Owner: postgres
--

COPY public.booking (id, duration, establishment_id, partner_id, start_date, status, total_price_vnd, user_id, booked_floor_area, booked_item_type) FROM stdin;
1	2	5c63c736d9	1	2025-10-10	CONFIRMED	0	1	\N	Deluxe Room
2	2	5c63c736d9	1	2025-10-10	CONFIRMED	600000	1	\N	Deluxe Room
3	2	5c63c736d9	1	2025-10-10	CONFIRMED	600000	1	\N	Deluxe Room
4	2	5c63c736d9	1	2025-10-10	CONFIRMED	600000	2	\N	Deluxe Room
\.


--
-- Data for Name: establishment; Type: TABLE DATA; Schema: public; Owner: postgres
--

COPY public.establishment (id, city, description_long, image_url_main, is_available, name, owner_id, price_range_vnd, star_rating, type, has_inventory, address) FROM stdin;
5c63c736d9	Đà Nẵng	 🌊 Stella Maris Beach Danang – Nghỉ dưỡng giữa lòng biển xanh\n\nTọa lạc trên đường Võ Văn Kiệt, chỉ cách bãi biển Mỹ Khê vài bước chân, **Stella Maris Beach Danang** là khách sạn 4 sao mang phong cách sang trọng, hiện đại, kết hợp hài hòa giữa kiến trúc Á – Âu và không gian mở hướng biển.\n\n🏨 Không gian & thiết kế\n- Khách sạn nổi bật với **hồ bơi vô cực trên tầng thượng**, nơi bạn có thể vừa ngâm mình thư giãn vừa ngắm hoàng hôn buông xuống mặt biển.\n- Nội thất phòng nghỉ được thiết kế tinh tế với gam màu trung tính, cửa sổ lớn và ban công riêng nhìn thẳng ra biển Mỹ Khê.\n- Khu vực sảnh và nhà hàng được trang trí bằng ánh sáng vàng ấm áp, tạo cảm giác gần gũi nhưng vẫn đẳng cấp.\n\n 🍽️ Dịch vụ & tiện ích\n- Nhà hàng view biển** phục vụ các món ăn Á – Âu, đặc biệt là hải sản tươi sống chế biến theo phong cách Hàn – Nhật.\n- Cocktail bar** trên tầng cao là nơi lý tưởng để thưởng thức đồ uống mát lạnh trong tiếng nhạc chill và gió biển lồng lộng.\n- Dịch vụ spa, gym và phòng hội nghị đầy đủ tiện nghi, phù hợp cho cả du lịch nghỉ dưỡng lẫn công tác.\n💰 Giá phòng & đánh giá\n- Giá phòng từ khoảng **1.200.000 VNĐ/đêm**, bao gồm buffet sáng.\n- Được đánh giá cao bởi du khách về vị trí thuận tiện, dịch vụ chuyên nghiệp và view biển đẹp mê ly.\n	http://res.cloudinary.com/dchi76opz/image/upload/v1759255071/fast_planner_main/n8q5xrr2ntnghfoceeqv.jpg	t	Khách Sạn Phạm Tân	1	\N	0	HOTEL	t	146 Nguyễn Hoàng
908028c784	Đà Nẵng	Dookki là chuỗi nhà hàng buffet lẩu tokbokki nổi tiếng đến từ Hàn Quốc, mang đến trải nghiệm ẩm thực độc đáo và đầy màu sắc cho các tín đồ món Hàn tại Việt Nam. Tên gọi “Dookki” có nghĩa là “hai bữa ăn” – thể hiện triết lý phục vụ hào phóng, nơi thực khách vừa được thưởng thức lẩu tokbokki vừa có thể ăn kèm nhiều món phụ hấp dẫn.\n\n### 🍲 Mô hình buffet lẩu tokbokki tự chọn\n\nDookki hoạt động theo hình thức buffet tự phục vụ, cho phép khách hàng tự tay lựa chọn nguyên liệu và pha chế nước lẩu theo khẩu vị riêng. Điểm đặc biệt là:\n\n- **Bánh gạo tokbokki**: Đa dạng về hình dáng và hương vị, từ truyền thống đến phô mai, khoai lang, nhân trứng…\n- **Nước sốt**: Có thể pha trộn từ nhiều loại sốt như sốt cay Hàn Quốc, sốt tương đen, sốt phô mai, sốt cà chua… để tạo ra công thức lẩu riêng biệt.\n- **Món ăn kèm**: Gà rán sốt cay, tempura, xúc xích, cá viên, mì Hàn Quốc, kimchi, rau xanh…\n- **Phô mai**: Có thể thêm topping phô mai kéo sợi hoặc phô mai nhuyễn để tăng độ béo ngậy cho nồi lẩu.\n\n### 🧑‍🍳 Trải nghiệm tự tay chế biến\n\nKhách hàng tại Dookki không chỉ ăn mà còn được “trở thành đầu bếp” khi tự tay chọn nguyên liệu, pha nước lẩu và nấu tại bàn. Đây là điểm khiến Dookki trở nên thú vị, đặc biệt với nhóm bạn trẻ hoặc gia đình có trẻ nhỏ.\n\n### 💰 Giá cả & dịch vụ\n\n- **Giá buffet người lớn**: Khoảng 139.000 VNĐ/người (chưa VAT).\n- **Giá trẻ em dưới 1m3**: 69.000 VNĐ/người.\n- **Phí thêm phô mai**: 39.000–69.000 VNĐ tùy loại.\n- **Thời gian ăn**: Giới hạn trong 90 phút.\n\nDookki thường xuyên có các chương trình khuyến mãi như “đi 4 tính tiền 3”, “tặng vòng phô mai”, rất phù hợp cho nhóm bạn hoặc gia đình đông người.\n\n### 🏬 Hệ thống chi nhánh\n\nTính đến nay, Dookki đã có hơn 70 chi nhánh trên toàn quốc, trải dài từ Hà Nội, TP.HCM đến Đà Nẵng và các tỉnh thành khác. Không gian nhà hàng được thiết kế hiện đại, trẻ trung, mang đậm phong cách Hàn Quốc.\n\n	http://res.cloudinary.com/dchi76opz/image/upload/v1759261450/fast_planner_main/hwda7kncbt8mwvmloybx.webp	t	Dookki Indochine Trần Phú	1	\N	0	RESTAURANT	t	Indochine Trần Phú
ef6ca626-5f1f-4a92-a20b-66c3ad4b3c15	Ho Chi Minh	Test hotel description	\N	f	Test Hotel	1	\N	0	HOTEL	t	123 Test Street
9d2e1c15-9d1c-4e96-b889-c5f3a5c26711	Hanoi	Test restaurant description	\N	f	Test Restaurant	1	\N	0	RESTAURANT	t	456 Restaurant Street
9c4396a2-8628-4802-8ee2-42c2bd23d19b	Ho Chi Minh	Hotel Continental Saigon is one of the most historic and luxurious hotels in Saigon. Located in the center of District 1, the hotel offers a first-class accommodation experience with professional service and modern amenities. From here, guests can easily explore famous attractions such as the City Theater, Central Post Office and bustling shopping centers.	\N	f	Hotel Continental Saigon	1	\N	0	HOTEL	t	132-134 Dong Khoi, District 1, HCMC
bcd16d59-c2ef-4cf4-a0d6-4893d57ff5e3	Hanoi	InterContinental Hanoi Westlake is located by the romantic West Lake, offering a quiet and luxurious accommodation space in the heart of the capital. The hotel harmoniously combines modern architecture with traditional Vietnamese culture. With a beautiful West Lake view, the hotel is an ideal choice for business trips and tourism.	\N	f	InterContinental Hanoi Westlake	1	\N	0	HOTEL	t	5 Tu Xuong, Ba Dinh District, Hanoi
d7daed78-28e8-4b90-91a4-a87d09713452	Danang	Furama Resort Danang is located on the beautiful Danang beach, an ideal resort for families and couples. The resort offers a first-class accommodation experience with crystal clear blue water and professional service. From the resort, guests can easily explore famous attractions such as Ba Na Hills, Golden Bridge and Hoi An Ancient Town.	\N	f	Furama Resort Danang	1	\N	0	HOTEL	t	105 Vo Nguyen Giap, Son Tra District, Danang
315f870d-52d9-48c1-abdb-8cc64234c17a	Phu Quoc	Vinpearl Resort Phu Quoc is an international-class resort on Phu Quoc island. The resort offers an excellent accommodation experience with white sand beaches, crystal clear blue water and professional service. From the resort, guests can explore famous attractions such as VinWonders, Vinpearl Safari and traditional fishing villages.	\N	f	Vinpearl Resort Phu Quoc	1	\N	0	HOTEL	t	Bai Truong, Duong To Commune, Phu Quoc, Kien Giang
8ff06fc9-2330-4e27-808a-320cdd85a483	Hanoi	Hotel de l'Opera Hanoi is located in the center of Hanoi's Old Quarter, near Hoan Kiem Lake and historical attractions. The hotel features classic French style with luxurious interiors and professional service. From the hotel, guests can easily explore Hanoi's Old Quarter, Dong Xuan Market and classic cafes.	\N	f	Hotel de l'Opera Hanoi	1	\N	0	HOTEL	t	29 Trang Tien, Hoan Kiem District, Hanoi
3174f345-e9cf-4bb8-ada5-d45cbbfe54ac	Ho Chi Minh	Ngon Garden Restaurant is a famous culinary destination in Saigon with green space and diverse menu. The restaurant serves traditional Vietnamese and international dishes with fresh ingredients. The restaurant space is designed with green gardens, creating a feeling of closeness to nature.	\N	f	Ngon Garden Restaurant	1	\N	0	RESTAURANT	t	160 Pasteur, District 1, HCMC
7919ed11-57df-4ee6-a100-6b5fe9119d2c	Hanoi	Quan An Ngon is a famous Hanoi restaurant with traditional Northern Vietnamese cuisine. The restaurant offers an authentic culinary experience with pho bo, bun cha, cha ca La Vong and other Hanoi specialties. The restaurant space is designed in classic Hanoi style with wooden furniture and traditional decorations.	\N	f	Quan An Ngon	1	\N	0	RESTAURANT	t	18 Phan Boi Chau, Hoan Kiem District, Hanoi
c9c4e9d6-57b0-4b55-9ea0-1ad40d5fd98b	Danang	Bien Dong Seafood Restaurant specializes in fresh seafood from Danang sea. The restaurant has a beautiful sea view and spacious space. The menu is diverse with crab, shrimp, fish, squid and other seafood prepared in Vietnamese and international styles.	\N	f	Bien Dong Seafood Restaurant	1	\N	0	RESTAURANT	t	150 Vo Nguyen Giap, Son Tra District, Danang
25bfd7f8-2829-4018-b3de-578f576d7f53	Hoi An	Cua Hang Restaurant is located in Hoi An Ancient Town, specializing in traditional Quang Nam cuisine. The restaurant offers an authentic culinary experience with cao lau, banh mi Hoi An, banh beo and other local specialties. The restaurant space is designed in classic Hoi An style with wooden architecture and traditional decorations.	\N	f	Cua Hang Restaurant	1	\N	0	RESTAURANT	t	35 Nguyen Thai Hoc, Hoi An, Quang Nam
651dc53f-cb4c-49f0-a5e6-c6bb75146394	Ho Chi Minh	Sai Gon Xua Restaurant brings the experience of old Saigon cuisine with traditional Southern Vietnamese dishes. The restaurant serves com tam, bun bo Hue, hu tieu Nam Vang and other Southern specialties. The restaurant space is designed in old Saigon style with classic furniture and traditional decorations.	\N	f	Sai Gon Xua Restaurant	1	\N	0	RESTAURANT	t	45 Nguyen Du, District 1, HCMC
fd615112-149c-415d-9650-dc43f8fb0015	Ho Chi Minh	Rex Hotel Saigon is one of the most historic and famous hotels in Saigon. Located in the center of District 1, the hotel offers a first-class accommodation experience with professional service and modern amenities. From here, guests can easily explore famous attractions such as Independence Palace, Notre Dame Cathedral and bustling shopping centers.	\N	f	Rex Hotel Saigon	1	\N	0	HOTEL	t	141 Nguyen Hue, District 1, HCMC
d1dbd785-a3ab-4dcf-827c-06abb8a81d5d	Hanoi	Sofitel Legend Metropole Hanoi is the most historic and luxurious 5-star hotel in Hanoi. The hotel features classic French style with luxurious interiors and professional service. From the hotel, guests can easily explore Hoan Kiem Lake, Hanoi's Old Quarter and historical attractions.	\N	f	Sofitel Legend Metropole Hanoi	1	\N	0	HOTEL	t	15 Ngo Quyen, Hoan Kiem District, Hanoi
4299c20e-ca94-4a2d-9ad5-1c950f7efe77	Nghe An	Bien Dong Seafood Cua Lo specializes in fresh seafood from Nghe An sea. The restaurant has a beautiful sea view and spacious space. The menu is diverse with crab, shrimp, fish, squid and other seafood prepared in Vietnamese and international styles.	\N	f	Bien Dong Seafood Cua Lo	1	\N	0	RESTAURANT	t	123 Duong Bien, Cua Lo, Nghe An
b6d92951-d2b6-4383-9499-fc69b5e18227	Nha Trang	Vinpearl Resort Nha Trang is an international-class resort on Hon Tre Island. The resort offers an excellent accommodation experience with white sand beaches, crystal clear blue water and professional service. From the resort, guests can explore famous attractions such as VinWonders, Vinpearl Safari and traditional fishing villages.	\N	f	Vinpearl Resort Nha Trang	1	\N	0	HOTEL	t	Hon Tre Island, Nha Trang, Khanh Hoa
3ad0c348-49b8-49c4-b2f1-451913700da0	Hue	Am Thuc Hue Restaurant specializes in traditional Hue cuisine with bun bo Hue, com hen, banh beo and other local specialties. The restaurant offers an authentic culinary experience with classic space and traditional Hue decorations.	\N	f	Am Thuc Hue Restaurant	1	\N	0	RESTAURANT	t	78 Le Loi, Hue, Thua Thien Hue
\.


--
-- Data for Name: establishment_amenities_list; Type: TABLE DATA; Schema: public; Owner: postgres
--

COPY public.establishment_amenities_list (establishment_id, amenities_list, amenity) FROM stdin;
5c63c736d9	Wifi	\N
5c63c736d9	Bãi đỗ xe	\N
5c63c736d9	Máy lạnh	\N
5c63c736d9	Thang máy	\N
5c63c736d9	Lễ tân 24/7	\N
5c63c736d9	Gym	\N
5c63c736d9	Spa	\N
5c63c736d9	Hồ bơi	\N
5c63c736d9	Gần biển	\N
908028c784	Wifi	\N
908028c784	Bãi đỗ xe	\N
908028c784	Gần biển	\N
908028c784	Phòng không hút thuốc	\N
908028c784	Tầm nhìn đẹp	\N
ef6ca626-5f1f-4a92-a20b-66c3ad4b3c15	Free WiFi	\N
ef6ca626-5f1f-4a92-a20b-66c3ad4b3c15	Parking	\N
9d2e1c15-9d1c-4e96-b889-c5f3a5c26711	Free WiFi	\N
9d2e1c15-9d1c-4e96-b889-c5f3a5c26711	Parking	\N
9d2e1c15-9d1c-4e96-b889-c5f3a5c26711	Delivery	\N
9c4396a2-8628-4802-8ee2-42c2bd23d19b	Free WiFi	\N
9c4396a2-8628-4802-8ee2-42c2bd23d19b	Outdoor pool	\N
9c4396a2-8628-4802-8ee2-42c2bd23d19b	Spa & Wellness	\N
9c4396a2-8628-4802-8ee2-42c2bd23d19b	Gym	\N
9c4396a2-8628-4802-8ee2-42c2bd23d19b	Fine dining restaurant	\N
9c4396a2-8628-4802-8ee2-42c2bd23d19b	Bar & Lounge	\N
9c4396a2-8628-4802-8ee2-42c2bd23d19b	24/7 room service	\N
9c4396a2-8628-4802-8ee2-42c2bd23d19b	Parking	\N
9c4396a2-8628-4802-8ee2-42c2bd23d19b	Conference center	\N
9c4396a2-8628-4802-8ee2-42c2bd23d19b	Concierge service	\N
bcd16d59-c2ef-4cf4-a0d6-4893d57ff5e3	West Lake view	\N
bcd16d59-c2ef-4cf4-a0d6-4893d57ff5e3	Infinity pool	\N
bcd16d59-c2ef-4cf4-a0d6-4893d57ff5e3	Traditional Vietnamese spa	\N
bcd16d59-c2ef-4cf4-a0d6-4893d57ff5e3	Modern gym	\N
bcd16d59-c2ef-4cf4-a0d6-4893d57ff5e3	Seafood restaurant	\N
bcd16d59-c2ef-4cf4-a0d6-4893d57ff5e3	Rooftop bar	\N
bcd16d59-c2ef-4cf4-a0d6-4893d57ff5e3	Premium room service	\N
bcd16d59-c2ef-4cf4-a0d6-4893d57ff5e3	Secure parking	\N
bcd16d59-c2ef-4cf4-a0d6-4893d57ff5e3	Conference center	\N
bcd16d59-c2ef-4cf4-a0d6-4893d57ff5e3	Tour service	\N
d7daed78-28e8-4b90-91a4-a87d09713452	Private beach	\N
d7daed78-28e8-4b90-91a4-a87d09713452	Multi-level pool	\N
d7daed78-28e8-4b90-91a4-a87d09713452	Spa & Wellness	\N
d7daed78-28e8-4b90-91a4-a87d09713452	Gym	\N
d7daed78-28e8-4b90-91a4-a87d09713452	Seafood restaurant	\N
d7daed78-28e8-4b90-91a4-a87d09713452	Beach bar	\N
d7daed78-28e8-4b90-91a4-a87d09713452	24/7 room service	\N
d7daed78-28e8-4b90-91a4-a87d09713452	Parking	\N
d7daed78-28e8-4b90-91a4-a87d09713452	Conference center	\N
d7daed78-28e8-4b90-91a4-a87d09713452	Tour service	\N
315f870d-52d9-48c1-abdb-8cc64234c17a	Private beach	\N
315f870d-52d9-48c1-abdb-8cc64234c17a	Infinity pool	\N
315f870d-52d9-48c1-abdb-8cc64234c17a	Spa & Wellness	\N
315f870d-52d9-48c1-abdb-8cc64234c17a	Gym	\N
315f870d-52d9-48c1-abdb-8cc64234c17a	Seafood restaurant	\N
315f870d-52d9-48c1-abdb-8cc64234c17a	Beach bar	\N
315f870d-52d9-48c1-abdb-8cc64234c17a	24/7 room service	\N
315f870d-52d9-48c1-abdb-8cc64234c17a	Parking	\N
315f870d-52d9-48c1-abdb-8cc64234c17a	Conference center	\N
315f870d-52d9-48c1-abdb-8cc64234c17a	Tour service	\N
8ff06fc9-2330-4e27-808a-320cdd85a483	Free WiFi	\N
8ff06fc9-2330-4e27-808a-320cdd85a483	Gym	\N
8ff06fc9-2330-4e27-808a-320cdd85a483	French restaurant	\N
8ff06fc9-2330-4e27-808a-320cdd85a483	Classic bar	\N
8ff06fc9-2330-4e27-808a-320cdd85a483	24/7 room service	\N
8ff06fc9-2330-4e27-808a-320cdd85a483	Parking	\N
8ff06fc9-2330-4e27-808a-320cdd85a483	Tour service	\N
8ff06fc9-2330-4e27-808a-320cdd85a483	Concierge service	\N
3174f345-e9cf-4bb8-ada5-d45cbbfe54ac	Green space	\N
3174f345-e9cf-4bb8-ada5-d45cbbfe54ac	Diverse menu	\N
3174f345-e9cf-4bb8-ada5-d45cbbfe54ac	Buffet service	\N
3174f345-e9cf-4bb8-ada5-d45cbbfe54ac	Private area	\N
3174f345-e9cf-4bb8-ada5-d45cbbfe54ac	Catering service	\N
3174f345-e9cf-4bb8-ada5-d45cbbfe54ac	Parking	\N
3174f345-e9cf-4bb8-ada5-d45cbbfe54ac	Free WiFi	\N
3174f345-e9cf-4bb8-ada5-d45cbbfe54ac	Delivery service	\N
7919ed11-57df-4ee6-a100-6b5fe9119d2c	Traditional cuisine	\N
7919ed11-57df-4ee6-a100-6b5fe9119d2c	Classic space	\N
7919ed11-57df-4ee6-a100-6b5fe9119d2c	Hanoi specialties	\N
7919ed11-57df-4ee6-a100-6b5fe9119d2c	Buffet service	\N
7919ed11-57df-4ee6-a100-6b5fe9119d2c	Private area	\N
7919ed11-57df-4ee6-a100-6b5fe9119d2c	Parking	\N
7919ed11-57df-4ee6-a100-6b5fe9119d2c	Free WiFi	\N
7919ed11-57df-4ee6-a100-6b5fe9119d2c	Delivery service	\N
c9c4e9d6-57b0-4b55-9ea0-1ad40d5fd98b	Fresh seafood	\N
c9c4e9d6-57b0-4b55-9ea0-1ad40d5fd98b	Sea view	\N
c9c4e9d6-57b0-4b55-9ea0-1ad40d5fd98b	Spacious space	\N
c9c4e9d6-57b0-4b55-9ea0-1ad40d5fd98b	Diverse menu	\N
c9c4e9d6-57b0-4b55-9ea0-1ad40d5fd98b	Private area	\N
c9c4e9d6-57b0-4b55-9ea0-1ad40d5fd98b	Parking	\N
c9c4e9d6-57b0-4b55-9ea0-1ad40d5fd98b	Free WiFi	\N
c9c4e9d6-57b0-4b55-9ea0-1ad40d5fd98b	Delivery service	\N
25bfd7f8-2829-4018-b3de-578f576d7f53	Traditional cuisine	\N
25bfd7f8-2829-4018-b3de-578f576d7f53	Classic space	\N
25bfd7f8-2829-4018-b3de-578f576d7f53	Quang Nam specialties	\N
25bfd7f8-2829-4018-b3de-578f576d7f53	Buffet service	\N
25bfd7f8-2829-4018-b3de-578f576d7f53	Private area	\N
25bfd7f8-2829-4018-b3de-578f576d7f53	Parking	\N
25bfd7f8-2829-4018-b3de-578f576d7f53	Free WiFi	\N
25bfd7f8-2829-4018-b3de-578f576d7f53	Delivery service	\N
651dc53f-cb4c-49f0-a5e6-c6bb75146394	Traditional cuisine	\N
651dc53f-cb4c-49f0-a5e6-c6bb75146394	Classic space	\N
651dc53f-cb4c-49f0-a5e6-c6bb75146394	Southern specialties	\N
651dc53f-cb4c-49f0-a5e6-c6bb75146394	Buffet service	\N
651dc53f-cb4c-49f0-a5e6-c6bb75146394	Private area	\N
651dc53f-cb4c-49f0-a5e6-c6bb75146394	Parking	\N
651dc53f-cb4c-49f0-a5e6-c6bb75146394	Free WiFi	\N
651dc53f-cb4c-49f0-a5e6-c6bb75146394	Delivery service	\N
fd615112-149c-415d-9650-dc43f8fb0015	Free WiFi	\N
fd615112-149c-415d-9650-dc43f8fb0015	Outdoor pool	\N
fd615112-149c-415d-9650-dc43f8fb0015	Spa & Wellness	\N
fd615112-149c-415d-9650-dc43f8fb0015	Gym	\N
fd615112-149c-415d-9650-dc43f8fb0015	Fine dining restaurant	\N
fd615112-149c-415d-9650-dc43f8fb0015	Bar & Lounge	\N
fd615112-149c-415d-9650-dc43f8fb0015	24/7 room service	\N
fd615112-149c-415d-9650-dc43f8fb0015	Parking	\N
fd615112-149c-415d-9650-dc43f8fb0015	Conference center	\N
fd615112-149c-415d-9650-dc43f8fb0015	Concierge service	\N
d1dbd785-a3ab-4dcf-827c-06abb8a81d5d	Free WiFi	\N
d1dbd785-a3ab-4dcf-827c-06abb8a81d5d	Indoor pool	\N
d1dbd785-a3ab-4dcf-827c-06abb8a81d5d	Spa & Wellness	\N
d1dbd785-a3ab-4dcf-827c-06abb8a81d5d	Gym	\N
d1dbd785-a3ab-4dcf-827c-06abb8a81d5d	French restaurant	\N
d1dbd785-a3ab-4dcf-827c-06abb8a81d5d	Classic bar	\N
d1dbd785-a3ab-4dcf-827c-06abb8a81d5d	24/7 room service	\N
d1dbd785-a3ab-4dcf-827c-06abb8a81d5d	Parking	\N
d1dbd785-a3ab-4dcf-827c-06abb8a81d5d	Conference center	\N
d1dbd785-a3ab-4dcf-827c-06abb8a81d5d	Concierge service	\N
4299c20e-ca94-4a2d-9ad5-1c950f7efe77	Fresh seafood	\N
4299c20e-ca94-4a2d-9ad5-1c950f7efe77	Sea view	\N
4299c20e-ca94-4a2d-9ad5-1c950f7efe77	Spacious space	\N
4299c20e-ca94-4a2d-9ad5-1c950f7efe77	Diverse menu	\N
4299c20e-ca94-4a2d-9ad5-1c950f7efe77	Private area	\N
4299c20e-ca94-4a2d-9ad5-1c950f7efe77	Parking	\N
4299c20e-ca94-4a2d-9ad5-1c950f7efe77	Free WiFi	\N
4299c20e-ca94-4a2d-9ad5-1c950f7efe77	Delivery service	\N
b6d92951-d2b6-4383-9499-fc69b5e18227	Private beach	\N
b6d92951-d2b6-4383-9499-fc69b5e18227	Infinity pool	\N
b6d92951-d2b6-4383-9499-fc69b5e18227	Spa & Wellness	\N
b6d92951-d2b6-4383-9499-fc69b5e18227	Gym	\N
b6d92951-d2b6-4383-9499-fc69b5e18227	Seafood restaurant	\N
b6d92951-d2b6-4383-9499-fc69b5e18227	Beach bar	\N
b6d92951-d2b6-4383-9499-fc69b5e18227	24/7 room service	\N
b6d92951-d2b6-4383-9499-fc69b5e18227	Parking	\N
b6d92951-d2b6-4383-9499-fc69b5e18227	Conference center	\N
b6d92951-d2b6-4383-9499-fc69b5e18227	Tour service	\N
3ad0c348-49b8-49c4-b2f1-451913700da0	Traditional cuisine	\N
3ad0c348-49b8-49c4-b2f1-451913700da0	Classic space	\N
3ad0c348-49b8-49c4-b2f1-451913700da0	Hue specialties	\N
3ad0c348-49b8-49c4-b2f1-451913700da0	Buffet service	\N
3ad0c348-49b8-49c4-b2f1-451913700da0	Private area	\N
3ad0c348-49b8-49c4-b2f1-451913700da0	Parking	\N
3ad0c348-49b8-49c4-b2f1-451913700da0	Free WiFi	\N
3ad0c348-49b8-49c4-b2f1-451913700da0	Delivery service	\N
\.


--
-- Data for Name: establishment_gallery; Type: TABLE DATA; Schema: public; Owner: postgres
--

COPY public.establishment_gallery (establishment_id, image_url) FROM stdin;
5c63c736d9	http://res.cloudinary.com/dchi76opz/image/upload/v1759255074/fast_planner_gallery/otgb55kfjligqxzj20mb.webp
5c63c736d9	http://res.cloudinary.com/dchi76opz/image/upload/v1759255075/fast_planner_gallery/f6p6njv3bcrb3kfpjy9k.jpg
5c63c736d9	http://res.cloudinary.com/dchi76opz/image/upload/v1759255077/fast_planner_gallery/gfxuqrwf7rwe4zfjngc7.webp
908028c784	http://res.cloudinary.com/dchi76opz/image/upload/v1759261451/fast_planner_gallery/csksl6mg1gsjunavxids.jpg
908028c784	http://res.cloudinary.com/dchi76opz/image/upload/v1759261453/fast_planner_gallery/ibpmwoxfnihzunqioy2r.webp
908028c784	http://res.cloudinary.com/dchi76opz/image/upload/v1759261454/fast_planner_gallery/xn7uhxmb46mwdsngx8hi.webp
\.


--
-- Data for Name: inventory; Type: TABLE DATA; Schema: public; Owner: postgres
--

COPY public.inventory (id, date, establishment_id, floor_area, item_type, price, total_units, units_booked, item_image_url, has_balcony) FROM stdin;
\.


--
-- Data for Name: unit_availability; Type: TABLE DATA; Schema: public; Owner: postgres
--

COPY public.unit_availability (id, date, override_price, total_units, type_id, units_booked, version, variant_id) FROM stdin;
\.


--
-- Data for Name: unit_type; Type: TABLE DATA; Schema: public; Owner: postgres
--

COPY public.unit_type (id, active, base_price, capacity, category, code, establishment_id, has_balcony, name, deposit_amount, total_units) FROM stdin;
1	t	300000	2	ROOM	DLX	5c63c736d9	f	Deluxe Room	\N	5
3	t	2500000	2	ROOM	STD	9c4396a2-8628-4802-8ee2-42c2bd23d19b	f	Standard Room	\N	50
4	t	3500000	2	ROOM	DLX	9c4396a2-8628-4802-8ee2-42c2bd23d19b	t	Deluxe Room	\N	30
5	t	5000000	4	ROOM	SUI	9c4396a2-8628-4802-8ee2-42c2bd23d19b	t	Suite	\N	10
6	t	3200000	2	ROOM	STD	bcd16d59-c2ef-4cf4-a0d6-4893d57ff5e3	f	Standard Room	\N	40
7	t	4200000	2	ROOM	DLX	bcd16d59-c2ef-4cf4-a0d6-4893d57ff5e3	t	Deluxe Room	\N	25
8	t	8000000	6	ROOM	SUI	bcd16d59-c2ef-4cf4-a0d6-4893d57ff5e3	t	Presidential Suite	\N	5
9	t	2800000	2	ROOM	STD	d7daed78-28e8-4b90-91a4-a87d09713452	f	Garden View Room	\N	60
10	t	3800000	2	ROOM	DLX	d7daed78-28e8-4b90-91a4-a87d09713452	t	Ocean View Room	\N	40
11	t	4500000	4	ROOM	FAM	d7daed78-28e8-4b90-91a4-a87d09713452	t	Family Room	\N	20
12	t	3500000	2	ROOM	STD	315f870d-52d9-48c1-abdb-8cc64234c17a	t	Standard Villa	\N	80
13	t	5000000	4	ROOM	DLX	315f870d-52d9-48c1-abdb-8cc64234c17a	t	Deluxe Villa	\N	50
14	t	10000000	8	ROOM	SUI	315f870d-52d9-48c1-abdb-8cc64234c17a	t	Presidential Villa	\N	10
15	t	1800000	2	ROOM	STD	8ff06fc9-2330-4e27-808a-320cdd85a483	f	Classic Room	\N	30
16	t	2500000	2	ROOM	DLX	8ff06fc9-2330-4e27-808a-320cdd85a483	t	Deluxe Room	\N	20
17	t	2200000	2	ROOM	STD	fd615112-149c-415d-9650-dc43f8fb0015	f	Standard Room	\N	45
18	t	3000000	2	ROOM	DLX	fd615112-149c-415d-9650-dc43f8fb0015	t	Deluxe Room	\N	25
19	t	4500000	4	ROOM	SUI	fd615112-149c-415d-9650-dc43f8fb0015	t	Executive Suite	\N	8
20	t	4000000	2	ROOM	STD	d1dbd785-a3ab-4dcf-827c-06abb8a81d5d	f	Classic Room	\N	35
21	t	5500000	2	ROOM	DLX	d1dbd785-a3ab-4dcf-827c-06abb8a81d5d	t	Deluxe Room	\N	20
22	t	12000000	4	ROOM	SUI	d1dbd785-a3ab-4dcf-827c-06abb8a81d5d	t	Legend Suite	\N	5
23	t	3000000	2	ROOM	STD	b6d92951-d2b6-4383-9499-fc69b5e18227	t	Standard Room	\N	70
24	t	4000000	2	ROOM	DLX	b6d92951-d2b6-4383-9499-fc69b5e18227	t	Deluxe Room	\N	40
25	t	5500000	4	ROOM	FAM	b6d92951-d2b6-4383-9499-fc69b5e18227	t	Family Room	\N	25
26	t	\N	2	TABLE	T2	3174f345-e9cf-4bb8-ada5-d45cbbfe54ac	f	Table for 2	200000	20
27	t	\N	4	TABLE	T4	3174f345-e9cf-4bb8-ada5-d45cbbfe54ac	f	Table for 4	300000	15
28	t	\N	8	TABLE	T8	3174f345-e9cf-4bb8-ada5-d45cbbfe54ac	f	Table for 8	500000	8
29	t	\N	2	TABLE	T2	7919ed11-57df-4ee6-a100-6b5fe9119d2c	f	Table for 2	150000	25
30	t	\N	4	TABLE	T4	7919ed11-57df-4ee6-a100-6b5fe9119d2c	f	Table for 4	250000	20
31	t	\N	6	TABLE	T6	7919ed11-57df-4ee6-a100-6b5fe9119d2c	f	Table for 6	350000	10
32	t	\N	2	TABLE	T2	c9c4e9d6-57b0-4b55-9ea0-1ad40d5fd98b	f	Sea View Table for 2	300000	15
33	t	\N	4	TABLE	T4	c9c4e9d6-57b0-4b55-9ea0-1ad40d5fd98b	f	Sea View Table for 4	500000	12
34	t	\N	10	TABLE	T10	c9c4e9d6-57b0-4b55-9ea0-1ad40d5fd98b	f	Private Dining Room	1000000	3
35	t	\N	2	TABLE	T2	25bfd7f8-2829-4018-b3de-578f576d7f53	f	Traditional Table for 2	100000	30
36	t	\N	4	TABLE	T4	25bfd7f8-2829-4018-b3de-578f576d7f53	f	Traditional Table for 4	200000	20
37	t	\N	8	TABLE	T8	25bfd7f8-2829-4018-b3de-578f576d7f53	f	Family Table	400000	5
38	t	\N	2	TABLE	T2	651dc53f-cb4c-49f0-a5e6-c6bb75146394	f	Vintage Table for 2	180000	20
39	t	\N	4	TABLE	T4	651dc53f-cb4c-49f0-a5e6-c6bb75146394	f	Vintage Table for 4	300000	15
40	t	\N	6	TABLE	T6	651dc53f-cb4c-49f0-a5e6-c6bb75146394	f	Vintage Table for 6	450000	8
41	t	\N	2	TABLE	T2	4299c20e-ca94-4a2d-9ad5-1c950f7efe77	f	Beach Table for 2	250000	18
42	t	\N	4	TABLE	T4	4299c20e-ca94-4a2d-9ad5-1c950f7efe77	f	Beach Table for 4	400000	12
43	t	\N	8	TABLE	T8	4299c20e-ca94-4a2d-9ad5-1c950f7efe77	f	Beach Pavilion	800000	4
44	t	\N	2	TABLE	T2	3ad0c348-49b8-49c4-b2f1-451913700da0	f	Hue Style Table for 2	120000	25
45	t	\N	4	TABLE	T4	3ad0c348-49b8-49c4-b2f1-451913700da0	f	Hue Style Table for 4	220000	18
46	t	\N	6	TABLE	T6	3ad0c348-49b8-49c4-b2f1-451913700da0	f	Hue Style Table for 6	350000	6
\.


--
-- Data for Name: unit_type_image_urls; Type: TABLE DATA; Schema: public; Owner: postgres
--

COPY public.unit_type_image_urls (unit_type_id, image_urls) FROM stdin;
1	http://res.cloudinary.com/dchi76opz/image/upload/v1759255692/fast_planner_unit_type/ke39pmktlk6zclrtzvuv.webp
\.


--
-- Data for Name: unit_variant; Type: TABLE DATA; Schema: public; Owner: postgres
--

COPY public.unit_variant (id, bed_count, bed_type, extra_price_delta, has_window, type_id, view) FROM stdin;
\.


--
-- Name: app_user_id_seq; Type: SEQUENCE SET; Schema: public; Owner: postgres
--

SELECT pg_catalog.setval('public.app_user_id_seq', 2, true);


--
-- Name: booking_id_seq; Type: SEQUENCE SET; Schema: public; Owner: postgres
--

SELECT pg_catalog.setval('public.booking_id_seq', 4, true);


--
-- Name: inventory_id_seq; Type: SEQUENCE SET; Schema: public; Owner: postgres
--

SELECT pg_catalog.setval('public.inventory_id_seq', 1, false);


--
-- Name: unit_availability_id_seq; Type: SEQUENCE SET; Schema: public; Owner: postgres
--

SELECT pg_catalog.setval('public.unit_availability_id_seq', 1, false);


--
-- Name: unit_type_id_seq; Type: SEQUENCE SET; Schema: public; Owner: postgres
--

SELECT pg_catalog.setval('public.unit_type_id_seq', 46, true);


--
-- Name: unit_variant_id_seq; Type: SEQUENCE SET; Schema: public; Owner: postgres
--

SELECT pg_catalog.setval('public.unit_variant_id_seq', 1, false);


--
-- Name: app_user app_user_pkey; Type: CONSTRAINT; Schema: public; Owner: postgres
--

ALTER TABLE ONLY public.app_user
    ADD CONSTRAINT app_user_pkey PRIMARY KEY (id);


--
-- Name: booking booking_pkey; Type: CONSTRAINT; Schema: public; Owner: postgres
--

ALTER TABLE ONLY public.booking
    ADD CONSTRAINT booking_pkey PRIMARY KEY (id);


--
-- Name: establishment establishment_pkey; Type: CONSTRAINT; Schema: public; Owner: postgres
--

ALTER TABLE ONLY public.establishment
    ADD CONSTRAINT establishment_pkey PRIMARY KEY (id);


--
-- Name: inventory inventory_pkey; Type: CONSTRAINT; Schema: public; Owner: postgres
--

ALTER TABLE ONLY public.inventory
    ADD CONSTRAINT inventory_pkey PRIMARY KEY (id);


--
-- Name: unit_availability uka6gjybsfijvkq0rvj17bd7byx; Type: CONSTRAINT; Schema: public; Owner: postgres
--

ALTER TABLE ONLY public.unit_availability
    ADD CONSTRAINT uka6gjybsfijvkq0rvj17bd7byx UNIQUE (type_id, variant_id, date);


--
-- Name: unit_availability ukjuvkmk6aq4683c5cns9fxq76t; Type: CONSTRAINT; Schema: public; Owner: postgres
--

ALTER TABLE ONLY public.unit_availability
    ADD CONSTRAINT ukjuvkmk6aq4683c5cns9fxq76t UNIQUE (type_id, date);


--
-- Name: unit_availability unit_availability_pkey; Type: CONSTRAINT; Schema: public; Owner: postgres
--

ALTER TABLE ONLY public.unit_availability
    ADD CONSTRAINT unit_availability_pkey PRIMARY KEY (id);


--
-- Name: unit_type unit_type_pkey; Type: CONSTRAINT; Schema: public; Owner: postgres
--

ALTER TABLE ONLY public.unit_type
    ADD CONSTRAINT unit_type_pkey PRIMARY KEY (id);


--
-- Name: unit_variant unit_variant_pkey; Type: CONSTRAINT; Schema: public; Owner: postgres
--

ALTER TABLE ONLY public.unit_variant
    ADD CONSTRAINT unit_variant_pkey PRIMARY KEY (id);


--
-- Name: establishment_gallery fk89ilmp6ydm2lkg6b3c6qaj7is; Type: FK CONSTRAINT; Schema: public; Owner: postgres
--

ALTER TABLE ONLY public.establishment_gallery
    ADD CONSTRAINT fk89ilmp6ydm2lkg6b3c6qaj7is FOREIGN KEY (establishment_id) REFERENCES public.establishment(id);


--
-- Name: establishment_amenities_list fkile3rgb4wkjiylu3bt7nali08; Type: FK CONSTRAINT; Schema: public; Owner: postgres
--

ALTER TABLE ONLY public.establishment_amenities_list
    ADD CONSTRAINT fkile3rgb4wkjiylu3bt7nali08 FOREIGN KEY (establishment_id) REFERENCES public.establishment(id);


--
-- Name: unit_type_image_urls fkr8ohsq4r8qwi6hwibk4y1ug53; Type: FK CONSTRAINT; Schema: public; Owner: postgres
--

ALTER TABLE ONLY public.unit_type_image_urls
    ADD CONSTRAINT fkr8ohsq4r8qwi6hwibk4y1ug53 FOREIGN KEY (unit_type_id) REFERENCES public.unit_type(id);


--
-- PostgreSQL database dump complete
--

\unrestrict 5W5KI0JK8m2hWfcCTMZX0FZbolm3cSQYv1G4CfWxLigCQZ0X8r4NN5pke2AZIIk

